,Title,Company,Location,Apply Link
0,Senior Python Developer,"Payne, Roberts and Davis","Stewartbury, AA",https://www.realpython.com
1,Energy engineer,Vasquez-Davidson,"Christopherville, AA",https://www.realpython.com
2,Legal executive,"Jackson, Chambers and Levy","Port Ericaburgh, AA",https://www.realpython.com
3,Fitness centre manager,Savage-Bradley,"East Seanview, AP",https://www.realpython.com
4,Product manager,Ramirez Inc,"North Jamieview, AP",https://www.realpython.com
5,Medical technical officer,Rogers-Yates,"Davidville, AP",https://www.realpython.com
6,Physiological scientist,Kramer-Klein,"South Christopher, AE",https://www.realpython.com
7,Textile designer,Meyers-Johnson,"Port Jonathan, AE",https://www.realpython.com
8,Television floor manager,Hughes-Williams,"Osbornetown, AE",https://www.realpython.com
9,Waste management officer,"Jones, Williams and Villa","Scotttown, AP",https://www.realpython.com
10,Software Engineer (Python),Garcia PLC,"Ericberg, AE",https://www.realpython.com
11,Interpreter,Gregory and Sons,"Ramireztown, AE",https://www.realpython.com
12,Architect,"Clark, Garcia and Sosa","Figueroaview, AA",https://www.realpython.com
13,Meteorologist,Bush PLC,"Kelseystad, AA",https://www.realpython.com
14,Audiological scientist,Salazar-Meyers,"Williamsburgh, AE",https://www.realpython.com
15,English as a second language teacher,"Parker, Murphy and Brooks","Mitchellburgh, AE",https://www.realpython.com
16,Surgeon,Cruz-Brown,"West Jessicabury, AA",https://www.realpython.com
17,Equities trader,Macdonald-Ferguson,"Maloneshire, AE",https://www.realpython.com
18,Newspaper journalist,"Williams, Peterson and Rojas","Johnsonton, AA",https://www.realpython.com
19,Materials engineer,Smith and Sons,"South Davidtown, AP",https://www.realpython.com
20,Python Programmer (Entry-Level),"Moss, Duncan and Allen","Port Sara, AE",https://www.realpython.com
21,Product/process development scientist,Gomez-Carroll,"Marktown, AA",https://www.realpython.com
22,"Scientist, research (maths)","Manning, Welch and Herring","Laurenland, AE",https://www.realpython.com
23,Ecologist,"Lee, Gutierrez and Brown","Lauraton, AP",https://www.realpython.com
24,Materials engineer,"Davis, Serrano and Cook","South Tammyberg, AP",https://www.realpython.com
25,Historic buildings inspector/conservation officer,Smith LLC,"North Brandonville, AP",https://www.realpython.com
26,Data scientist,Thomas Group,"Port Robertfurt, AA",https://www.realpython.com
27,Psychiatrist,Silva-King,"Burnettbury, AE",https://www.realpython.com
28,Structural engineer,Pierce-Long,"Herbertside, AA",https://www.realpython.com
29,Immigration officer,Walker-Simpson,"Christopherport, AP",https://www.realpython.com
